{"lib/features/media/B1.png":["lib/features/media/B1.png"],"lib/features/media/B2.png":["lib/features/media/B2.png"],"lib/features/media/B3.png":["lib/features/media/B3.png"],"lib/features/media/B4.png":["lib/features/media/B4.png"],"lib/features/media/B5.png":["lib/features/media/B5.png"],"lib/features/media/B6.png":["lib/features/media/B6.png"],"lib/features/media/botton_premium.png":["lib/features/media/botton_premium.png"],"lib/features/media/button_information.png":["lib/features/media/button_information.png"],"lib/features/media/button_recomendaions.png":["lib/features/media/button_recomendaions.png"],"lib/features/media/button_routines.png":["lib/features/media/button_routines.png"],"lib/features/media/button_strategies.png":["lib/features/media/button_strategies.png"],"lib/features/media/button_strategiesC.png":["lib/features/media/button_strategiesC.png"],"lib/features/media/directorio.png":["lib/features/media/directorio.png"],"lib/features/media/email.png":["lib/features/media/email.png"],"lib/features/media/encuesta_tdah.png":["lib/features/media/encuesta_tdah.png"],"lib/features/media/encuesta_tdah_1.png":["lib/features/media/encuesta_tdah_1.png"],"lib/features/media/google.png":["lib/features/media/google.png"],"lib/features/media/indie.png":["lib/features/media/indie.png"],"lib/features/media/liz.png":["lib/features/media/liz.png"],"lib/features/media/logo.png":["lib/features/media/logo.png"],"lib/features/media/logo_splash.png":["lib/features/media/logo_splash.png"],"lib/features/media/pp.jpg":["lib/features/media/pp.jpg"],"packages/cupertino_icons/assets/CupertinoIcons.ttf":["packages/cupertino_icons/assets/CupertinoIcons.ttf"],"packages/flutter_inappwebview/assets/t_rex_runner/t-rex.css":["packages/flutter_inappwebview/assets/t_rex_runner/t-rex.css"],"packages/flutter_inappwebview/assets/t_rex_runner/t-rex.html":["packages/flutter_inappwebview/assets/t_rex_runner/t-rex.html"],"packages/wakelock_plus/assets/no_sleep.js":["packages/wakelock_plus/assets/no_sleep.js"],"packages/youtube_player_flutter/assets/speedometer.webp":["packages/youtube_player_flutter/assets/speedometer.webp"]}